Id,Title,Location,Requirement,Company
50703185,"AI개발(Python),데이터분석및사업기획인턴모집",서울강남구,"머신러닝,빅데이터,데이터분석가,크롤링,Pandas외",(주)마크클라우드
51137408,"[개발팀]서비스개발(Back-end,python)",서울서초구,"Python,백엔드/서버개발,웹개발,Django,Flask외",오아(주)
50819735,[솔루션]백엔드개발자모집(python),서울강남구,"Python,백엔드/서버개발,Java,프론트엔드,솔루션외",조베이스(주)
51131686,마켓빌리JAVA/DBA/TA/AA/PYTHONRecruitment,서울구로구,"Python,Java,DBA,SI개발,AWS외",플러거
51143590,[Python]엔지엘기업부설연구소AI개발자모집,부산동구,"Python,AI(인공지능),웹개발,머신러닝,Java외",엔지엘㈜
51138908,[테나아이]백엔드(Python)개발자모집,서울서초구,"Python,백엔드/서버개발,소프트웨어개발",(주)테나아이
50965952,데이터분석/Python/JAVA/SAS인재채용,서울강남구,"Python,빅데이터,데이터분석가,클라우드,DataMining외",(주)그루넷
50872120,"[플랜아이]개발자채용PHPWEB,AI(Python)",대전유성구,"Python,AI(인공지능),웹개발,유지보수,프론트엔드외",(주)플랜아이
51029651,DJANGO/PYTHON/JSPIT개발·데이터신입&경력채용,서울강서구,"웹개발,Java,프론트엔드,SI개발,웹표준·웹접근성외",클립데이터(주)
51050354,[Python기반]내비게이션테스트자동화스크립트개발,서울성동구,"Python,C++,소프트웨어개발",(주)모디엠
50810902,Python개발자채용,서울강남구,"Python,Java,딥러닝,기술지원,데이터엔지니어외",(주)엠클라우독
50857996,[재택근무]REACT·PHP·PYTHON개발자모집,서울양천구,"Python,백엔드/서버개발,웹개발,머신러닝,딥러닝외",행복쇼핑(주)
50959470,"[미소정보기술]JAVA,Python및인공지능(AI)플랫폼개발자",서울강남구,"Python,백엔드/서버개발,Java,빅데이터,앱개발외",(주)미소정보기술
51136333,통계모델링중심Python엔지니어-경력채용,경기안양시동안구,"Python,머신러닝,빅데이터,데이터분석가,데이터엔지니어외",(주)모빌리티네트웍스
51123214,보안회사파이선(python)자바java서버개발엔지니어,서울강남구,"Python,백엔드/서버개발,Java,C언어,유지보수외",(주)비비파트너스
51003706,ROS기반로봇/UGV개발자모집(Python외),대전유성구,"Python,로봇설계,무인항공기/드론,자동제어,전자외",(주)키네틱스
50992574,"풀스택개발자(java,python,js)",서울송파구,"Python,웹개발,Java,프론트엔드,쉘스크립트외",(주)에스티로직
51135968,파이썬(Python)기반의풀스택개발자모십니다.,서울강남구,"Python,백엔드/서버개발,유지보수,프론트엔드,Bootstrap외",(주)케이엘피
50969043,Full-StackDeveloper(React/TypeScript/Python)채용,서울강남구,"Python,AI(인공지능),React,기술기획,앱기획외",(주)에스에이치엠디
50943137,"PHP,Python개발자를모집합니다",대구수성구,"Python,웹개발,PHP,소프트웨어개발",(주)시스템솔루션
50958691,생성형AI빅데이터마케팅플랫폼데이터엔지니어(python)채용,서울강남구,"Python,C++,AI(인공지능),빅데이터,API외",(주)빅링크에이아이
51034542,python(파이썬)개발자모집,경기하남시,"Python,머신러닝,딥러닝,데이터시각화,토목회사",(주)택산
51009501,Back-End개발자모집(JAVA/Go/Python),세종특별자치시,"백엔드/서버개발,웹개발,Java,React,솔루션업체",(주)원모어시큐리티
50993044,[덱스터크레마/경력]Python개발자채용,서울강남구,"웹개발,데이터분석가,데이터엔지니어,웹기획,데이터분석외",(주)덱스터크레마
51147861,"풀스택개발자(Python,React)[3~6년]",대구전체,"웹개발,SI개발,개발PM,의료기기",(주)세라크래프트
50988676,"R&D개발신입모집합니다(정규직,python,node.js)",경기안양시동안구,"백엔드/서버개발,머신러닝,메타버스,풀스택,소프트웨어개발",(주)제트플로우
51109632,"웹개발(Python,PHP/Java·JSP/백엔드)채용",서울동작구,"백엔드/서버개발,웹개발,Java,프론트엔드,Angular외",한강시스템(주)
51099960,BackendJuniorEngineer(PHP/Python),서울강남구,"백엔드/서버개발,웹개발,SI개발,API,소프트웨어개발",(주)코비그룹
51000894,"SIMULIA(Python,ABAQUS)엔지니어경력/신입정규직채용",인천부평구,"솔루션기술영업,구조해석/설계,열해석,유동해석,CATIA외",오상자이엘(주)
51082882,[의료정보SW(박사학위)]AI엔지니어(LLM/예측모델개발/Python),서울중구,"Python,C++,AI(인공지능),백엔드/서버개발,머신러닝외",(주)키스템프그룹
51143201,[알고리즘개발자]AI비전검사/컴퓨터비전(C/C++/Python/CUDA),경기성남시분당구,"Python,C++,AI(인공지능),백엔드/서버개발,머신러닝외",(주)키스템프그룹
51143097,"[울산]대기업프로젝트(Jave,Vue,Python)개발자모집(경력)",울산중구,"Python,Java,Vue.js,SI·시스템통합,솔루션업체외",(주)인사이트온
50960352,Python개발자채용(경력),인천연수구,"Python,AI(인공지능),알고리즘,OpenCV,Pytorch외",에이치에스소프트(주)
51078331,AI개발자채용(Python/Web경력),충남아산시,"Python,AI(인공지능),알고리즘,OpenCV,Pytorch외",에이치에스소프트(주)
51098558,"React/Next.js,Python/FastAPI개발자모집",서울구로구,"Python,웹개발,프론트엔드,React,SI·시스템통합외",마이데이터(주)
50959869,Python개발자모집,서울강남구,"Python,백엔드/서버개발,웹개발,프론트엔드,DBA외",(주)애드크림
51054145,PythonDeveloper(ERP담당)채용,서울강남구,"Python,백엔드/서버개발,웹개발,솔루션,클라우드외",주식회사스피어코퍼레이션
51082921,"프로그램개발자채용(Delphi,Python,C,C++)",대구북구,"Python,정보보안,DBMS,S/W,Windows외",(주)데이타프로텍
50989937,SaaS백엔드개발자모집(Django·Python·제조IT),경기오산시,"Python,네트워크,IoT,Keras,Pytorch외",(주)에스엠해썹
51038347,Python응용프로그램개발자모집공고(경력),경기성남시분당구,"Python,AI(인공지능),OpenCV,Qt,하드웨어외",(주)에이오팜
51136131,방산/Python개발자채용,경기시흥시,"Python,Linux,소프트웨어개발",(주)파워넥스
50942775,[BAROAI]파이썬(Python)개발자정규직채용,경기하남시,"Python,백엔드/서버개발,클라우드,API,CSS외",(주)바로에이아이
51037703,[Python]파이썬(Python)개발자모집중,대구동구,"Python,알고리즘,Pytorch,소프트웨어개발",주식회사비전코어
50991013,PythonAlgorithmEngineer채용,서울전체,"Python,백엔드/서버개발,웹개발,C#,Django외",제너레잇(주)
51049205,PythonFlaskAPI개발경력있는개발자를모십니다,경기이천시,"Python,백엔드/서버개발,SI·시스템통합,ERP,시스템관리외",주식회사아이티파인
51045088,"[웨어러블로봇알고리즘개발자(Python,C/C++,MATLAB)]",경기용인시수지구,"Python,알고리즘,로봇엔지니어,알고리즘개발,헤드헌팅",코리아써치
51088101,한국장애인고용공단프로그래밍언어(Python)강사모집,경기화성시,"Python,알고리즘,CSS3,HTML,HTML5외",경기남부직업능력개발원
51112746,"주행SW개발/ROS기반/C,C++,Python/3~11년/판교/물류자동화기업",경기성남시분당구,"Python,C++,C언어,S/W,네비게이션외",굿커리어
50709985,"Java,Python개발인력채용(경력5년이상)",서울송파구,"Python,백엔드/서버개발,Java,Spring,시스템관리외",(주)오픈링크시스템
50987567,Python백엔드개발자_6년~8년,서울마포구,"Python,백엔드/서버개발,웹개발,프론트엔드,DBA외",(주)펫박스
50987571,Python백엔드개발자,서울마포구,"Python,백엔드/서버개발,웹개발,프론트엔드,DBA외",(주)펫박스
51016158,[플레이오]Python백엔드,서울서초구,"Python,백엔드/서버개발,웹개발,프론트엔드,DBA외",(주)지엔에이컴퍼니
50977838,(주)버블콘검색엔진코어개발자채용//(Python백엔드),서울구로구,"Python,솔루션업체",(주)버블콘
51049647,[코스닥/TOP보안솔루션]Python백엔드팀장급(7~12년),서울서초구,"Python,백엔드/서버개발,Java,SI개발,블록체인외",(주)투비파트너즈
51089432,"PC응용프로그램경력개발자모집(python,electron)",경기성남시분당구,"Python,S/W,Windows,클라이언트,electron외",(주)판도플랫폼
51088337,backend(python)개발자,서울강남구,"백엔드/서버개발,웹개발,SI개발,API,기계",(주)씨메스
51021754,[Catalyst]생성형AIPythonFullstack개발자,서울강남구,"백엔드/서버개발,웹개발,SI개발,반응형웹,서비스기획외",콘센트릭스서비스코리아(유)
51051363,"C#,Python프로그래머경력사원모집",경기파주시,"앱개발,SI개발,Microprocessor,전기공사,자동제어외",(주)더서울테크
50973596,국내광고포털유지보수및신규서비스개발(Python),서울강남구,"백엔드/서버개발,웹개발,종합포털,컨텐츠제공,커뮤니티",(주)애드크림
50682269,[프리랜서]펫헬스케어분야파이썬(Python)개발경력자채용,광주서구,"AI(인공지능),웹개발,앱개발,솔루션,임베디드외",(주)오토웰즈
50844287,"프로그램개발자모집(MachineVision,AI(Python),C,C#,C++)",경북포항시남구,"AI(인공지능),SE(시스템엔지니어),SI개발,알고리즘,영상처리외",(주)케이텍
51025605,보안솔루션개발자모집(Rust/Python/Electron기반),서울송파구,"AI(인공지능),기술지원,보안컨설팅,SE(시스템엔지니어),네트워크외",(주)제로
51104684,[제약솔루션기업]시니어급백엔드개발자(7-10년/Python능숙),서울서초구,"백엔드/서버개발,서치펌",(주)투비파트너즈
51086438,PythonBack-endEnginner,서울강남구,"백엔드/서버개발,웹개발,SI개발,API,컨텐츠제공",올거나이즈코리아(주)
51147865,"풀스택개발자(Python,React)[7~10년]",대구전체,"웹개발,SI개발,개발PM,의료기기",(주)세라크래프트
50933565,Python솔루션개발자(경력)모집,서울구로구,"AI(인공지능),머신러닝,빅데이터,알고리즘,클라우드외",바탕에비뉴(주)
51083776,[반도체]PythonDeveloper&CSEngineer-경기화성,경기화성시,"SE(시스템엔지니어),반도체",(주)메타써치
51085484,"영상처리/컴퓨터비전/딥러닝개발자채용C#,C++,Python",경기화성시,"딥러닝,알고리즘,컴퓨터비전,Windows,.NET외",(주)이프
51105182,"데이터분석및모델링담당/SQL,Tableau,Python/세계적게임사",경기성남시분당구,"빅데이터,게임개발,Hadoop,R,Spark외",(주)에이치알비즈코리아
51114850,Python백엔드개발지_의료기기S/W,서울광진구,"백엔드/서버개발,웹개발,SI개발,솔루션,영상처리외",(주)에스와이엠헬스케어
50701078,AIAgentVision/MFC/C#PythonTensorflowCUDAyolo개발직,충남천안시동남구,"솔루션,DBMS,S/W,WCF,파워빌더외",화랑
51088904,"/풀스택개발자(Python/Django,React,Airflow)",서울서초구,"풀스택,헤드헌팅",코리아써치
51076202,산업DX&데이터PM주니어(Python/SQL)-서울/울산/대구,서울금천구,"PM(프로젝트매니저),SI·시스템통합",(주)인터엑스
51076175,"산업DX&데이터PM인턴(Python/SQL)-6개월,서울/울산/대",서울금천구,"PM(프로젝트매니저),SI·시스템통합",(주)인터엑스
50883351,[국비무료IT취업]자바파이썬/웹개발/빅데이터/인공지능,서울마포구,"Python,AI(인공지능),백엔드/서버개발,웹개발,Java외",(사)한국아이씨티에이아이기술협회
51073761,[여의도/성과급]금융사통계분석담당자모집(엑셀/파이썬),서울영등포구,"Python,빅데이터,데이터분석가,데이터엔지니어,데이터라벨링외",(주)코리아인
51103226,[정규직]통합관계시스템플랫폼개발자(파이썬/자바),서울마포구,"Python,백엔드/서버개발,웹개발,Java,C언어외",선문(주)
51093231,[파이썬]데이터엔지니어구인,경기성남시분당구,"Python,AI(인공지능),백엔드/서버개발,머신러닝,빅데이터외",젯스퍼트(주)
51096517,[인천송도]파이썬AI개발연구원채용,인천연수구,"Python,AI(인공지능),딥러닝,빅데이터,신경망외",(주)애나
51154057,[인천송도]파이썬기반LLM모델개발자채용,인천연수구,"Python,AI(인공지능),백엔드/서버개발,머신러닝,딥러닝외",(주)애나
50710071,[정규직]토목BIMAdd-in(애드인)개발자(파이썬/C#/C++),서울마포구,"Python,C++,백엔드/서버개발,Java,C언어외",선문(주)
50809159,"[메가스터디IT]파이썬,데이터분석강사채용(방학특강)",서울강남구,"Python,C++,웹개발,Java,딥러닝외",메가스터디컴퓨터아카데미학원
50665670,"[메가스터디IT]파이썬,데이터분석강사채용(방학특강)",서울강남구,"Python,C++,AI(인공지능),백엔드/서버개발,웹개발외",메가스터디IT컴퓨터학원
51109189,파이썬개발자채용,서울금천구,"Python,AI(인공지능),백엔드/서버개발,웹개발,머신러닝외",(주)크랜베리
50947359,[단기6개월]창원LG전자(주)파이썬/코딩사용가능자모집,경남창원시,"Python,코딩,아웃소싱",휴먼리소스뱅크주식회사
51004649,"AI,인공지능,파이썬개발자모집(경력자우대)",경남창원시,"Python,AI(인공지능),머신러닝,딥러닝,IT컨설팅외",와프
51041144,[코스닥상장사]DX사업본부의료AI제품패키징개발자(파이썬),서울구로구,"Python,백엔드/서버개발,Docker,Linux,소프트웨어개발",(주)딥노이드
50926787,파이썬개발자(개발경력3년이상),서울용산구,"Python,소프트웨어개발",(주)코너
51110835,[코스닥-보안업체]파이썬백앤드(팀장급),서울영등포구,"Python,백엔드/서버개발,Java,정보보안,블록체인외",파워에이치알
50824582,[코스닥상장사]DX사업본부AI플랫폼개발자(파이썬),서울구로구,"AI(인공지능),데이터엔지니어,ETL,소프트웨어개발",(주)딥노이드
50967313,파이썬백엔드엔지니어채용공고(3년차이상)-부산,부산해운대구,"백엔드/서버개발,소프트웨어개발",(주)팀리부뜨
51099979,파이썬백엔드리드(5~9년),서울강남구,"백엔드/서버개발,웹개발,SI개발,API,개발PM외",(주)샐러드랩
51099971,파이썬백엔드리드(10~12년),서울강남구,"백엔드/서버개발,웹개발,SI개발,API,개발PM외",(주)샐러드랩
50885808,[웹개발]파이선기반CRM관리PHP,대전유성구,"웹개발,유지보수,화장품,뷰티",(주)에코바이오의학연구소
51095386,긴급ㅣICTㅣ파이썬백앤드(팀장급),서울전체,"백엔드/서버개발,헤드헌팅",(주)베스트에치알(BestHR)
51138604,"파이썬,C언어강사채용[천호점]",서울강동구,"학원강사,IT강사,IT학원",(주)더블유컴퓨터아트학원천호점
51112499,2025년상반기도레이첨단소재채용,서울전체,"Python,Java,데이터분석가,데이터엔지니어,SE(시스템엔지니어)외",도레이첨단소재(주)
51143626,전력거래소2025년하반기공개채용,전남나주시,"Python,C++,백엔드/서버개발,Java,C언어외",한국전력거래소
50944477,㈜푸드테크하반기신입/경력전부문채용,서울강남구,"Python,C++,AI(인공지능),백엔드/서버개발,웹개발외",(주)푸드테크
51109596,2025그린카경력/신입상시모집,서울강남구,"Python,백엔드/서버개발,웹개발,머신러닝,Java외",(주)그린카
51064546,2025년6월정기공채,경기과천시,"Python,AI(인공지능),Java,데이터분석가,보안컨설팅외",(주)코오롱
50927921,㈜위즈코리아'25년하반기신입/경력사원모집,서울강서구,"Python,C++,AI(인공지능),백엔드/서버개발,웹개발외",(주)위즈코리아
51113691,2025년메리츠화재각부문별경력채용,서울전체,"Python,Java,데이터분석가,데이터엔지니어,SE(시스템엔지니어)외",메리츠화재해상보험(주)
51102256,2025년3분기분야별공개채용,전국,"Python,C++,데이터엔지니어,정보보안,SE(시스템엔지니어)외",극동건설(주)
51076647,[대동]각부문별신입/경력채용,서울서초구,"Python,C++,데이터분석가,기술지원,자율주행외",(주)대동
51087753,JW2025년3차수시채용(영업/마케팅/R&D/관리/생산/품질),경기과천시,"정보보안,ISMS,아키텍쳐,전산회계,회계사외",JW홀딩스
51114229,2025년부문별경력직채용,서울중구,"Python,AI(인공지능),웹개발,Java,앱개발외",(주)에스비아이저축은행
51042814,[ktds]2025년부문별경력사원상시채용,서울서초구,"Python,C++,AI(인공지능),백엔드/서버개발,웹개발외",(주)케이티디에스
50958453,비상교육전체직무상시채용,경기과천시,"Python,AI(인공지능),백엔드/서버개발,Java,유지보수외",(주)비상교육
51102960,에이엠㈜신입/경력채용모집,경기과천시,"Python,C++,AI(인공지능),백엔드/서버개발,웹개발외",에이엠(주)
50915554,도미노피자각부문(자회사포함)공개채용,서울강남구,"Python,백엔드/서버개발,웹개발,Java,빅데이터외",청오디피케이(주)
50976423,25년6월각부문별신입/경력사원채용,서울마포구,"Python,백엔드/서버개발,웹개발,앱개발,유지보수외",(주)신지모루
51113711,IT담당자모집,인천부평구,"Python,C++,백엔드/서버개발,웹개발,Java외",한국요꼬가와일렉트로닉스매뉴팩처링(주)
51049923,2025년각부문상반기채용,경기용인시처인구,"Python,C++,알고리즘,기술영업,영업관리외",(주)대일시스템
51078702,현대자동차그룹(주)지아이티6월경력채용,서울송파구,"Python,C++,백엔드/서버개발,웹개발,Java외",(주)지아이티
50884132,㈜피아이이상반기각부문공개채용,경기화성시,"Python,C++,AI(인공지능),머신러닝,Java외",(주)피아이이
50542164,2025년상반기전직군신입/경력채용,경기수원시권선구,"Python,AI(인공지능),백엔드/서버개발,웹개발,머신러닝외",(주)더블티
50856915,2025년상반기각부문별신입/경력모집,경기화성시,"Python,C++,Java,C언어,유지보수외",(주)트리즈
50857388,전부문채용,경기성남시분당구,"Python,C++,AI(인공지능),펌웨어,H/W외",(주)원익로보틱스
51013827,한국투자공사2025년신입직원채용,서울중구,"Python,SE(시스템엔지니어),인프라,MSSQL,MySQL외",한국투자공사
51060672,㈜월덱스각부문신입/경력공개채용,경북구미시,"Python,C++,백엔드/서버개발,웹개발,Java외",(주)월덱스
51021522,(주)견우푸드신입/경력정규직채용,경기광주시,"Python,유지보수,네트워크,API,ERP외",(주)견우푸드
50441637,[코스닥상장사]2025년이에이트부문별채용,서울송파구,"Python,C++,AI(인공지능),백엔드/서버개발,Java외",이에이트(주)
50912847,2025년6월국내및해외전부문수시채용,충남천안시동남구,"웹개발,앱개발,SE(시스템엔지니어),ERP,감사외",(주)엔켐
50958375,(주)리만코리아경력직채용(서울/대구),서울강남구,"ERP,SAP,관리회계,법인결산,법인세신고외",주식회사리만코리아
51041893,2025년도제2차연수직공개경쟁채용,경남창원시,"교육행정,사무행정,경영지원,인사행정,연구원외",한국전기연구원
51103678,[토스페이먼츠]보안직군하반기집중채용,서울강남구,"Python,보안컨설팅,정보보안,CISO,CPO외",(주)비바리퍼블리카
50846410,엔씨소프트전부문수시채용,경기성남시분당구,"Python,백엔드/서버개발,머신러닝,Java,딥러닝외",(주)엔씨소프트
51134333,각부문별경력직채용공고,서울구로구,"Python,Java,QA/테스터,검색엔진,인프라외",(주)휴넷
51052588,2025년(주)더캐리IT인력(정보혁신부)전부문공개채용,서울강남구,"Python,백엔드/서버개발,웹개발,Java,데이터분석가외",(주)더캐리
51002328,(주)지오시스템리서치수시채용,경기군포시,"Python,C++,AI(인공지능),딥러닝,C언어외",(주)지오시스템리서치
51133006,신입공채-SW개발/SW컨설턴트/해외사업/영업,서울마포구,"Python,C++,AI(인공지능),백엔드/서버개발,웹개발외",(주)파수
51053070,통신장비유지보수/인공지능개발연구원/웹개발자채용,경북안동시,"Python,C++,AI(인공지능),백엔드/서버개발,웹개발외",(주)스피어에이엑스
51072871,[DRB]2025년3분기분야별경력사원채용,부산금정구,"Python,AI(인공지능),Django,Node.js,Pytorch외",(주)디알비동일
51096615,[슈어소프트테크]2025신입/경력채용,경기성남시수정구,"Python,C++,웹개발,Java,C언어외",슈어소프트테크(주)
50715242,[캐시워크]데이터분석담당채용전환형인턴,서울강남구,"Python,머신러닝,빅데이터,데이터분석가,데이터엔지니어외",넛지헬스케어(주)
51073663,각부문별신입/경력채용,서울중구,"Python,Java,데이터분석가,데이터엔지니어,Docker외",글로벌텍스프리(주)
50611614,[삼성SDS자회사](주)시큐아이경력사원채용,서울종로구,"Python,백엔드/서버개발,C언어,프론트엔드,FPGA외",(주)시큐아이
51078111,(주)윕스온라인/인프라서비스개발자모집(신입/경력),서울마포구,"Python,AI(인공지능),백엔드/서버개발,웹개발,Java외",(주)윕스
51066476,"데이터분석,시각화,데이터레이크(Snowflake)운영신입사원",서울강남구,"Python,머신러닝,데이터분석가,데이터엔지니어,데이터시각화외",알디에스(주)
50821244,"[국내TOP7로펌/법무법인YK]강남주사무소채용(풀스택개발자,시스템엔지니어,웹기획자)",서울강남구,"Python,백엔드/서버개발,웹개발,Java,앱개발외",법무법인와이케이
50990670,"[국내TOP7로펌/법무법인YK]강남주사무소채용(개발자,시스템관리자,웹기획자,디자이너)",서울강남구,"Python,백엔드/서버개발,Java,데이터분석가,데이터엔지니어외",법무법인와이케이
51105179,[일경험]교학팀/콘텐츠/과정개발/메타데이터팀/사무행정인턴모집,서울강남구,"Python,AI(인공지능),웹개발,Java,데이터분석가외",(주)에스테이트
51126453,[일경험]해줌인사총무/기획설계/영상제작/마케팅/IT개발인턴모집,서울송파구,"Python,AI(인공지능),웹개발,앱개발,웹마스터외",(주)에스테이트
51041789,인공지능기획및개발자/JAVA웹개발자채용,서울영등포구,"Python,C++,AI(인공지능),백엔드/서버개발,웹개발외",(주)에이블테라퓨틱스
51126306,[인천송도근무]마케팅일반사무직채용(수-일근무오전/오후출근),인천연수구,"Python,PHP,사무직,문서작성,사무보조외",(주)쇼엠
50980179,로봇/로보틱스S/W엔지니어모집(인턴/신입/경력/전문연구요원),경기광명시,"Python,C++,백엔드/서버개발,C언어,SE(시스템엔지니어)외",(주)테솔로
50941660,"[일본/CAL주식회사]WEB/IT개발자채용,미경험신입대환영",일본,"Python,AI(인공지능),백엔드/서버개발,웹개발,Java외",칼주식회사(영업소)
51006217,마크클라우드솔루션백엔드개발자채용(신입/경력),서울강남구,"Python,AI(인공지능),백엔드/서버개발,웹개발,머신러닝외",(주)마크클라우드
50833896,건양대학교병원_바이오메디컬AI(의료인공지능)개발자교육생모집,대전서구,"Python,AI(인공지능),머신러닝,Java,빅데이터외",미래융합교육원
51083649,[국비무료/숙식무료]AI/빅데이터분석/풀스택/KDT심화,서울영등포구,"Python,C++,AI(인공지능),백엔드/서버개발,웹개발외",휴먼IT교육센터_국비지원무료교육
49563552,"[서울/경기]수강료0원무료취업교육생과정모집(인공지능AI,빅데이터,풀스택,웹디자인,게임,메타버스)",서울종로구,"Python,AI(인공지능),백엔드/서버개발,웹개발,머신러닝외",엠비씨(MBC)아카데미컴퓨터교육센터
51050375,플랫폼개발신입(경력2년이하)채용,서울강남구,"Python,백엔드/서버개발,웹개발,Java,앱개발외",(주)두나미스아트테크놀로지스
51134238,[NAVERCloud]HyperCLOVAX데이터처리및개발(체험형인턴),경기성남시분당구,"Python,데이터분석가,데이터엔지니어,Git,Linux외",네이버클라우드(주)
51113635,(주)드림텍2025년3분기연구·개발부문수시채용,충남아산시,"Python,C++,임베디드,정보통신,펌웨어외",(주)드림텍
51147457,[㈜테크웨이즈]각부문별신입·경력사원모집,경기용인시수지구,"Python,AI(인공지능),기술지원,SE(시스템엔지니어),SI개발외",(주)테크웨이즈
51021495,2025년상반기각부문별신입/경력채용,경기군포시,"Python,C++,AI(인공지능),머신러닝,딥러닝외",시냅스이미징(주)
51040561,2025년하반기상시채용모집,경기부천시,"Python,C++,AI(인공지능),웹개발,Java외",(주)티엑스알로보틱스
50992812,"직군별채용(기획및운영,개발,법무지원)",서울강남구,"Python,C++,백엔드/서버개발,웹개발,Java외",(주)헥토이노베이션
51122686,2025년하반기코오롱베니트채용연계형인턴모집,서울영등포구,"Python,AI(인공지능),웹개발,Java,유지보수외",코오롱베니트(주)
51067575,사업개발및경영지원채용,대전유성구,"Python,C++,머신러닝,딥러닝,C언어외",(주)신테카바이오
51026782,[솔탑]2025년부문별신입/경력사원모집,세종특별자치시,"Python,C++,백엔드/서버개발,웹개발,Java외",(주)솔탑
51073971,[Salesforce업계1위]세일즈포스신입개발자채용,경기용인시기흥구,"Python,백엔드/서버개발,웹개발,Java,프론트엔드외",(주)아이투맥스
50845348,[주4.5일]백엔드개발자(JAVA)채용,서울구로구,"Python,AI(인공지능),백엔드/서버개발,웹개발,Java외",(주)인라이플
51124265,시스템엔지니어경력사원모집,서울강남구,"Python,C++,백엔드/서버개발,웹개발,Java외",인터리젠(주)
51048793,[일본근무/CAL]비전공자환영/WEB개발정규직채용(일본어필수),일본,"Python,AI(인공지능),백엔드/서버개발,웹개발,Java외",칼주식회사(영업소)
50833536,계룡건설_빅데이터기반GreenTechSW개발자교육생모집,대전서구,"Python,AI(인공지능),머신러닝,Java,빅데이터외",미래융합교육원
51105845,빅데이터와인공지능AI프로그램개발자모십니다.,서울금천구,"Python,AI(인공지능),머신러닝,Java,딥러닝외",(주)더원테크
51111324,[백엔드개발자]백엔드개발자모집,서울성동구,"Python,AI(인공지능),백엔드/서버개발,SI개발,미들웨어외",(주)딥앤하이
50998428,[알라딘]데이터사이언티스트채용,서울중구,"AI(인공지능),빅데이터,데이터분석가,데이터엔지니어,알고리즘외",(주)알라딘커뮤니케이션
51076213,[SMHIPLUS]2025년대규모채용,서울강서구,"백엔드/서버개발,데이터엔지니어,프론트엔드,QA/테스터,ETL외",에스엠하이플러스(주)
51146464,"신입/경력수시채용-연구개발,영업,경영기획,IT(MES,WEB)",경기화성시,"Java,API,ERP,Javascript,JSP외",(주)미코
51124582,개발자신입~2년차경력채용,서울서초구,"웹개발,앱개발,H/W,S/W,광고기획사외",펜타브리드
50976256,(주)네패스IT담당자부문별신입/경력채용,서울서초구,"AI(인공지능),머신러닝,딥러닝,솔루션,임베디드외",(주)네패스
51134194,[미리디]데이터분석,서울구로구,"데이터분석가,데이터분석,소프트웨어개발",(주)미리디
51136005,국립암센터암빅데이터센터과제연구원채용공고,경기고양시일산동구,"빅데이터,기술지원,SE(시스템엔지니어),네트워크,인프라외",국립암센터
51127803,DataAnalyst(3개월인턴/전환형),서울강남구,"데이터분석가,게임개발",데브시스터즈(주)
50838114,㈜마이크로인피니티대전사업장정규직사원모집,대전유성구,"C++,AI(인공지능),머신러닝,영상처리,펌웨어외",(주)마이크로인피니티
51052445,㈜마이크로인피니티수원사업장정규직사원모집,경기수원시영통구,"웹개발,앱개발,펌웨어,H/W,기술영업외",(주)마이크로인피니티
50819867,25년각부문경력사원채용,서울서초구,"AI(인공지능),백엔드/서버개발,웹개발,Java,딥러닝외",한국딥러닝(주)
50846359,[NARASPACE]각부문별직원모집,서울영등포구,"백엔드/서버개발,웹개발,데이터엔지니어,프론트엔드,DBA외",(주)나라스페이스테크놀로지
51146717,국제물류시스템백엔드개발자(주니어),서울전체,"백엔드/서버개발,웹개발,SI개발,API,운송·운수",(주)에이엘로지스틱스
50804893,스타트업개발자1인추가모집,서울동대문구,"백엔드/서버개발,웹개발,빅데이터,앱개발,퍼블리셔외",(주)블록젠
51014869,SFA25년4차수시채용7개부문(7월13일마감),충남아산시,"Java,C언어,C#,MSSQL,OracleDB외",(주)에스에프에이
51050679,서버백엔드개발[신입],서울종로구,"백엔드/서버개발,웹개발,Java,프론트엔드,DBA외",패션앤스타일컴퍼니주식회사
51098763,IT개발자(백엔드)채용공고,서울동작구,"백엔드/서버개발,SI·시스템통합,DataMining,솔루션업체,소프트웨어개발",GlobeAI
50980246,[신입/경력]웹개발자(WebDebeloper),서울동작구,"백엔드/서버개발,웹개발,풀스택,보안,바이러스외",(주)에버스핀
51041499,2025년채용연계형인턴채용,서울강서구,"웹개발,Java,유지보수,SI개발,GIS외",(주)올포랜드
51138948,[해외영업]TYM경력사원모집(서울/용산),서울용산구,"감사,자금관리,재무기획,HRD,채용설명회외",(주)티와이엠
51072899,[DRB]2025년3분기분야별경력사원채용,부산금정구,"연구원,R&D,고분자,신소재,고무",동일고무벨트(주)
50683865,(주)프라코중앙기술연구소연구원모집(에어모빌리티추진Lab),경기화성시,"연구원,자동차부품",(주)프라코
51063041,(주)프라코중앙기술연구소연구원모집(설계고도화LAB),경기화성시,"연구원,자동차부품",(주)프라코
51062907,(주)프라코중앙기술연구소연구원모집(내외장설계팀),경기화성시,"연구원,자동차부품",(주)프라코
51061854,(주)프라코신입·경력직모집(구매관리팀),경기화성시,"구매관리,구매기획,개발구매,구매,자동차부품",(주)프라코
51089016,에스디바이오센서(주)R&D연구원수시채용,경기수원시영통구,"보건진단,임상시험,연구원,R&D,R&D기획외",에스디바이오센서(주)
50999313,25년하반기부문별채용공고,경기화성시,"더존,4대보험,관리회계,급여(Payroll),기업회계외",아트리움컨설턴트(주)
51031475,신약개발연구원채용,경기수원시영통구,"연구원,R&D,R&D기획,고분자,기술연구외",(주)셀티움
51116505,[인천송도근무]마케팅일반사무직(평일오전출근),인천연수구,"사무직,문서작성,사무보조,사무행정,사이트관리외",(주)쇼엠
51147592,[알라딘]백엔드엔지니어,서울중구,"Python,C++,백엔드/서버개발,Java,유지보수외",(주)알라딘커뮤니케이션
51071721,서울대학교병원VitalLab대학원생모집,서울종로구,"Python,AI(인공지능),머신러닝,딥러닝,데이터분석가외",서울대학교병원
51123758,텔레칩스차량용반도체임베디드스쿨3기모집,서울금천구,"Python,C언어,QA/테스터,SE(시스템엔지니어),임베디드외",특수법인한국전파진흥협회
51039188,[대구]RTL설계엔지니어(신입),대구동구,"Python,C++,C언어,SE(시스템엔지니어),임베디드외",(주)칩스앤미디어
50978339,AI엔지니어및서비스개발자채용공고,서울중구,"Python,AI(인공지능),웹개발,빅데이터,Nginx외",(주)더존비즈온
51023259,[IT엔지니어]더존비즈온IT기술지원엔지니어경력채용,서울중구,"Python,빅데이터,기술지원,데이터엔지니어,보안컨설팅외",(주)더존비즈온
50892070,로데슈바르즈코리아R&D소프트웨어개발자신입/경력직(서울),서울강남구,"Python,C++,Java,알고리즘,아키텍쳐외",로데슈바르즈코리아(주)
51111463,[한국갤럽]웹개발자정규직채용(경력),서울종로구,"Python,백엔드/서버개발,웹개발,Java,앱개발외",(주)한국갤럽조사연구소
51050951,[KIS자산평가]각부문별신입/경력채용공고,서울영등포구,"Python,SQL,AICPA,CFA,KICPA외",키스자산평가(주)
51002748,[신입/경력]소프트웨어(SW)우수인재모집,서울강남구,"Python,C++,C언어,기술지원,FPGA외",(주)제노레이
51102416,웹개발자모집,서울금천구,"Python,백엔드/서버개발,웹개발,Java,프론트엔드외",(주)픽소니어
51142906,[LIG그룹계열사]이노와이어리스융합솔루션팀SE설계,경기성남시분당구,"Python,솔루션,정보통신,설계엔지니어,3GPP외",이노와이어리스
50648104,제이씨현시스템(주)AI연구소경력개발자모집,서울용산구,"Python,C++,AI(인공지능),백엔드/서버개발,머신러닝외",제이씨현시스템㈜
51104673,"(주)대교CNS대내외프로젝트PM및아키텍처(AA,TA,BA등)채용",서울관악구,"Python,백엔드/서버개발,웹개발,Java,IT컨설팅외",(주)대교씨엔에스
51027928,k8s/DevOps엔지니어모집,서울구로구,"Python,SE(시스템엔지니어),인프라,DevOps,Nginx외",엔에이치엔인재아이엔씨(주)
51051154,[VR/XR프로젝트]교육훈련사업실클라이언트프로그래머,서울강남구,"Python,C++,앱개발,SI개발,AR(증강현실)외",(주)스코넥엔터테인먼트
51054492,[서울]R&D전략개발실빅데이터전담연구원모집,서울서초구,"Python,Java,데이터분석가,데이터엔지니어,크롤링외",(주)엔지켐생명과학
50916000,[뉴로메카]소프트웨어개발자채용,서울성동구,"Python,백엔드/서버개발,프론트엔드,API,Android외",(주)뉴로메카
50916980,[넥스트칩]2025년6월각부문모집,경기성남시분당구,"Python,C++,C언어,알고리즘,영상처리외",(주)넥스트칩
50971603,[정규직/상장사/기숙사제공]반도체기업RFTEST엔지니어채용,충남천안시서북구,"Python,C언어,기술지원,퍼블리셔,QA/테스터외",(주)사람인에이치에스
51004383,알약xLLM제품개발(신입),서울서초구,"Python,백엔드/서버개발,웹개발,Java,프론트엔드외",(주)이스트시큐리티
51025300,인프라엔지니어,서울강남구,"Python,인프라,Nginx,VPN,Windows외",(주)핀다
51034536,[데이터엔지니어]IT기술신입사원채용,서울강남구,"Python,기술지원,데이터엔지니어,유지보수,솔루션외",(주)유더블유에스
51065870,[천안/정규직/기숙사제공]반도체기업TEST엔지니어경력직채용,충남천안시서북구,"Python,C언어,기술지원,퍼블리셔,QA/테스터외",(주)사람인에이치에스
51087334,[판교/AI/스타트업]백엔드엔지니어정규직채용,경기성남시분당구,"Python,AI(인공지능),백엔드/서버개발,웹개발,앱개발외",(주)사람인에이치에스
51136683,WavveBackend개발자채용(회원/인증),서울영등포구,"Python,백엔드/서버개발,Java,클라우드,AWS외",콘텐츠웨이브(주)
51136667,WavveBackend개발자채용(상품/빌링),서울영등포구,"Python,백엔드/서버개발,Java,클라우드,AWS외",콘텐츠웨이브(주)
50902191,아남전자(주)시스템및전산업무담당자모집,서울구로구,"Python,SE(시스템엔지니어),RPA,C#,MSSQL외",아남전자(주)
51103183,[에스팩(주)부산지사]광학실험보조연구원모집,부산남구,"Python,C++,C#,Tensorflow,WPF외",에스팩(주)
51066220,인공지능(AI)모델개발자(신입/경력),서울중구,"Python,AI(인공지능),빅데이터,모델링,알고리즘외",㈜더아이엠씨
51100822,[안리쓰코퍼레이션]기술지원그룹SW팀인재채용,경기과천시,"Python,C++,AI(인공지능),머신러닝,Java외",안리쓰코퍼레이션(주)
51149110,[CORNERSTONE42]데이터엔지니어모집,경기성남시분당구,"Python,AI(인공지능),빅데이터,데이터엔지니어,DBA외",(주)코너스톤42
51134872,AISpera[정보보안팀]보안시스템운영담당자경력채용공고,서울성동구,"Python,보안컨설팅,정보보안,방화벽,악성코드외",(주)에이아이스페라
51043722,[INEEJI](주)인이지데이터분석가/AI엔지니어전문가채용,서울서초구,"Python,AI(인공지능),딥러닝,솔루션,알고리즘외",(주)인이지
51077575,[취업연계]네트워크/자동제어/웹디자인/SW개발국비교육생모집,부산수영구,"Python,웹개발,Java,빅데이터,데이터엔지니어외",(재)부산인재개발원
50934279,[미래내일일경험]시엔피컨설팅/교육서비스/기후행동팀인턴모집,서울서초구,"Python,AI(인공지능),웹개발,Java,데이터분석가외",(주)에스테이트
50958244,시큐리티아카데미6기SK쉴더스트랙교육생모집,서울송파구,"Python,C++,웹개발,머신러닝,빅데이터외",한국정보보호산업협회
51099441,2025년각부문신입/경력채용,서울구로구,"Python,C++,보안컨설팅,정보보안,IT컨설팅외",(주)에스에스알
51105126,[일경험]시앤피컨설팅사무행정(교육/컨설팅/AI연구소)인턴모집,서울금천구,"Python,AI(인공지능),웹개발,Java,데이터분석가외",(주)에스테이트
51083900,백엔드개발자(Back-End),서울마포구,"Python,백엔드/서버개발,웹개발,Java,솔루션외",(주)하이카이브
51127978,"[81%취업]빅데이터,AI무료취업과정모집!",광주남구,"Python,C++,AI(인공지능),백엔드/서버개발,웹개발외",(사)스마트인재개발원
50684175,[전환형인턴]인공지능솔루션엔지니어채용,서울강남구,"Python,머신러닝,딥러닝,데이터엔지니어,모델링외",(주)제논
50959033,[인공지능솔루션]엔지니어직군채용,서울강남구,"Python,AI(인공지능),백엔드/서버개발,머신러닝,딥러닝외",(주)제논
51125653,[영상처리]SW개발자모집신입/경력채용,전북완주군,"Python,웹개발,Java,영상처리,Javascript외",(주)새눈
51086765,솔루션개발자모집-시계열데이터및데이터분석,경기수원시장안구,"Python,AI(인공지능),백엔드/서버개발,머신러닝,딥러닝외",(주)크로이스
50813521,[NARASPACE]나라스페이스인재를모십니다.,서울영등포구,"Python,C++,C언어,SE(시스템엔지니어),임베디드외",(주)나라스페이스테크놀로지
50948589,EmbededSystemSW엔지니어,경기전체,"Python,C++,백엔드/서버개발,웹개발,C언어외",(주)보스반도체
50980059,플랫폼개발자채용공고,서울전체,"Python,백엔드/서버개발,웹개발,퍼블리셔,프론트엔드외",(주)프로덕션고금
51024138,반도체회로설계개발자(신입),서울강남구,"Python,백엔드/서버개발,웹개발,앱개발,인프라외",블루닷(주)
51039591,AI(인공지능)개발및데이터분석연구자,서울종로구,"Python,AI(인공지능),머신러닝,딥러닝,빅데이터외",마린웍스(주)
51145023,(주)맥케이2025년인공지능연구/개발자모집,서울강서구,"Python,AI(인공지능),머신러닝,Java,딥러닝외",(주)맥케이
51087722,의료데이터분석전문가채용,서울서대문구,"Python,AI(인공지능),머신러닝,빅데이터,데이터분석가외",(주)파이디지털헬스케어
50975830,생성형AI데이터사이언티스트,서울강남구,"Python,AI(인공지능),머신러닝,딥러닝,빅데이터외",(주)애자일소다
50987322,[비컴유니버스]웹개발자신입/경력채용,서울강남구,"Python,AI(인공지능),웹개발,Java,유지보수외",비컴유니버스(주)
51078619,로봇엔지니어SW개발자모집,서울강남구,"Python,AI(인공지능),백엔드/서버개발,머신러닝,딥러닝외",(주)비전스페이스
50987487,데이터엔지니어(MS)채용(신입),서울강남구,"Python,머신러닝,Java,빅데이터,데이터분석가외",엠클라우드브리지(주)
51135679,[병역특례]인공지능연구원(전문연구요원),서울강남구,"Python,AI(인공지능),백엔드/서버개발,웹개발,머신러닝외",(주)제이엘케이
51136947,AiAgentDeveloper채용,서울강남구,"Python,AI(인공지능),백엔드/서버개발,머신러닝,데이터분석가외",엠클라우드브리지(주)
51083989,[굳센]자동화개발자채용,서울강서구,"Python,백엔드/서버개발,Java,C언어,데이터분석가외",굳센
50907153,헥토그룹AI전문인력(AI기획/AI개발)신입/경력직채용,서울강남구,"Python,AI(인공지능),백엔드/서버개발,Java,딥러닝외",(주)헥토
51082426,[역삼역인근/신입경력무관지원]솔루션엔지니어채용안내,서울강남구,"Python,AI(인공지능),백엔드/서버개발,데이터분석가,기술지원외",휴먼링크
50947271,데브옵스엔지니어채용,부산북구,"Python,C++,백엔드/서버개발,Java,C언어외",망고클라우드(주)
50913281,AI백엔드개발자(의료시스템연동포함),서울강남구,"Python,AI(인공지능),백엔드/서버개발,API,헬스케어외",(주)브레인데크
51073065,백엔드개발채용,서울중구,"Python,백엔드/서버개발,웹개발,Java,데이터엔지니어외",(주)비누컴퍼니
50745498,연구개발채용신입/경력무관,대구수성구,"Python,C++,AI(인공지능),백엔드/서버개발,웹개발외",(주)휴먼엔텍(HUMANENTECLTD)
50932177,스마트팩토리SW개발자채용(신입/경력),대구달서구,"Python,백엔드/서버개발,웹개발,Java,데이터분석가외",피디엠테크
50974637,2025년도S/W개발신입/경력공개채용,서울금천구,"Python,C++,백엔드/서버개발,웹개발,머신러닝외","주식회사오르빛알티(OrbitRTCo.,Ltd.)"
50975304,"[도쿄근무]백엔드,서버주니어개발자모집(일본어필수)",일본,"Python,백엔드/서버개발,웹개발,Java,웹마스터외",이이넥서스
51149016,웹/서버SW신입-Devops솔루션서비스운영파트,서울성동구,"Python,백엔드/서버개발,웹개발,Java,프론트엔드외",(주)법틀
51151099,프로그래머[ROS/AI/IOT],세종특별자치시,"Python,C++,AI(인공지능),백엔드/서버개발,웹개발외",오아시스스토리(주)
51147911,[쿠팡로지스틱스서비스]LogisticsInnovation루키채용,서울송파구,"Python,SQL,사업기획,서비스기획,전략기획외",쿠팡(주)
51012372,[나이스평가정보]데이터분석/결합등신용정보운영팀원채용,서울영등포구,"Python,빅데이터,데이터분석가,데이터엔지니어,데이터라벨링외",(주)티오에스코리아
51067659,[여의도/스펙업]나이스평가정보신용정보담당통계분석팀채용,서울영등포구,"Python,백엔드/서버개발,빅데이터,데이터분석가,데이터엔지니어외",(주)티오에스코리아
51085339,IT솔루션ITO업무(개발),서울마포구,"Python,AI(인공지능),백엔드/서버개발,프론트엔드,솔루션외",(주)싸이버로지텍
51010686,[NICE평가정보]통계분석및데이터추출/가공직원모집,서울영등포구,"Python,빅데이터,데이터분석가,데이터엔지니어,데이터마이닝외",(주)코리아인
50978060,웹개발채용공고,강원춘천시,"Python,웹개발,Java,빅데이터,앱개발외",(주)더존비즈온
51041758,AI&MLOps플랫폼웹서비스기획&프로트엔드개발자채용,서울중구,"Python,AI(인공지능),웹개발,프론트엔드,Nginx외",(주)더존비즈온
51120871,2025년하반기채용연계형인턴모집(솔루션엔지니어),서울영등포구,"Python,Java,유지보수,솔루션,인프라외",코오롱베니트(주)
51053682,자동화장비제어엔지니어채용,충북청주시흥덕구,"Python,C++,기술엔지니어,시스템설계,자동화설계외",(주)엠플러스
51098490,[동국시스템즈]RPA솔루션개발자/PL모집,서울중구,"Python,Java,솔루션,챗봇,RPA외",동국시스템즈(주)
50974737,(주)솔리드이엔지-ICT사업본부클라우드사업팀,대전유성구,"Python,Java,기술지원,유지보수,정보보안외",(주)솔리드이엔지
51126182,국립암센터데이터결합팀빅데이터/인공지능분석과제연구원,경기고양시일산동구,"Python,빅데이터,데이터분석가,SAS,데이터분석외",국립암센터
50866775,AI기반제조공정최적화엔지니어모집,부산동래구,"Python,AI(인공지능),머신러닝,딥러닝,빅데이터외",(주)동연에스엔티
50989434,[SPOTV]스포츠OTT플랫폼(SPOTVNOW)기획부문채용,서울마포구,"Python,백엔드/서버개발,Java,딥러닝,빅데이터외",(주)스포티비
50998980,제이씨현시스템(주)AI서비스full-stack웹개발자모집,서울용산구,"Python,AI(인공지능),백엔드/서버개발,웹개발,머신러닝외",제이씨현시스템㈜
50959812,[넛지헬스케어]백엔드개발채용전환형인턴,서울강남구,"Python,백엔드/서버개발,웹개발,Java,앱개발외",넛지헬스케어(주)
51074292,[여의도/자체직전환]나이스평가정보통계분석채용,서울영등포구,"Python,빅데이터,데이터분석가,데이터엔지니어,문서작성외",(주)메이크인
50943535,(주)스카이오토넷-전장용MCU펌웨어개발(병역특례석사이상),서울서초구,"Python,C++,AI(인공지능),백엔드/서버개발,웹개발외",(주)스카이오토넷
51077641,인공지능(AI)서비스기획자(신입/경력),서울중구,"Python,AI(인공지능),빅데이터,모델링,알고리즘외",㈜더아이엠씨
51146341,[신입]모바일RTS클라이언트&서버/MMORPG클라이언트&서버,서울서초구,"Python,C++,백엔드/서버개발,웹개발,Java외",(주)이스트게임즈
50895707,"[정규직,계약직,인턴][신입,경력]AI개발자/ML엔지니어채용",서울영등포구,"Python,머신러닝,딥러닝,데이터엔지니어,컴퓨터비전외",(주)랩큐
51049119,[(주)에프디테크]R&D열심히할사람,강원원주시,"Python,H/W,MCU,S/W,Keras외",(주)에프디테크
50916681,S/WQA&TestEngineer(신입/경력)모집합니다.,서울구로구,"Python,백엔드/서버개발,Java,웹마스터,QA/테스터외",컴즈(주)
51000030,(주)케이드라이브데이터파트담당자채용,서울영등포구,"Python,데이터분석가,RPA,홈페이지유지보수,육상운송외",(주)케이드라이브
51011292,[MDS인텔리전스]소프트웨어솔루션엔지니어정규직채용,경기성남시분당구,"Python,C++,C언어,QA/테스터,SE(시스템엔지니어)외",(주)엠디에스인텔리전스
51135982,백엔드경력개발자채용,부산중구,"Python,백엔드/서버개발,웹개발,앱개발,API외",(주)랩오투원
51138752,[국내1위포렌식SW]포렌식기술지원담당정규직(신입/경력),경기성남시분당구,"Python,데이터분석가,기술지원,유지보수,IT컨설팅외",(주)지엠디소프트
50799386,자율주행모바일로봇SoftwareEngineer,경기성남시수정구,"Python,C++,머신러닝,딥러닝,FAE외",(주)시스콘로보틱스
50978888,[(주)멋쟁이자사처럼]KDT데이터분석부트캠프보조강사,서울종로구,"Python,빅데이터,데이터분석가,데이터엔지니어,DBA외",(주)멋쟁이사자처럼
50980897,"[FE/BE/APP]개발자(신입,경력)채용(매주금요일RefreshDay)",서울구로구,"Python,C++,Java,앱개발,C#외",(주)투씨에스지
50694637,웹프로그래머채용,서울마포구,"Python,백엔드/서버개발,웹개발,Java,ASP외",(주)셀메이트
51061368,[IaaS개발실]KakaoCloud컴퓨팅서비스개발자영입,경기성남시분당구,"Python,백엔드/서버개발,클라우드,아키텍쳐,IaaS외",(주)카카오엔터프라이즈
51054276,WebFront-End개발자채용,서울마포구,"Python,웹개발,Java,프론트엔드,ASP외",(주)셀메이트
51121438,[㈜딥엑스][AI반도체]신입(학/석/박사)HW/SW엔지니어모집,경기성남시분당구,"Python,C++,AI(인공지능),머신러닝,딥러닝외",(주)딥엑스
50908704,[지란지교계열사](주4.5일근무)정보보안기술엔지니어모집,경기성남시수정구,"Python,백엔드/서버개발,웹개발,Java,기술지원외",(주)제이테크브릿지
50970695,"[자율출근제]백엔드경력(typescript,nodejs,MySQL)채용",서울서초구,"Python,C++,백엔드/서버개발,웹개발,Java외",(주)오너클랜
51127593,"신입,경력자동차전장S/W개발자모집합니다(AUTOSAR)",서울강남구,"Python,C++,C언어,임베디드,MCU외",(주)모비핀테크놀러지
51137743,[연구소]안드로이드어플리케이션개발분야채용중,경기안양시동안구,"Python,Java,앱개발,SI개발,네트워크외",(주)엠넥스
51066604,데이터사이언티스트신입및경력모집,서울마포구,"Python,AI(인공지능),머신러닝,딥러닝,알고리즘외",(주)알엠에쓰플렛폼
51053295,MachineVision영상처리개발자모집,서울금천구,"Python,C++,머신러닝,딥러닝,C언어외",(주)코눈
51053302,MachineVision영상처리개발모집,서울금천구,"Python,C++,머신러닝,딥러닝,C언어외",(주)코눈
51105069,[정규직]INOXSOFT소프트웨어개발신입사원채용,경기안산시단원구,"Python,웹개발,Java,검색엔진,HTML외",(주)이녹스소프트
51081986,[AI팀]DataEngineer인턴,서울서초구,"Python,데이터분석가,데이터엔지니어,HTML,SQL외",(주)뤼튼테크놀로지스
51116493,[인천송도근무]모바일앱개발자경력/신입직원채용,인천연수구,"Python,백엔드/서버개발,Java,앱개발,SI개발외",(주)쇼엠
51136029,[이지서티]솔루션엔지니어채용,서울강남구,"Python,C++,AI(인공지능),백엔드/서버개발,웹개발외",(주)이지서티
50906650,[디퍼아이]인공지능딥러닝임베디드SW개발자채용,서울서초구,"Python,C++,AI(인공지능),웹개발,머신러닝외",(주)디퍼아이
51031309,정보처리기사(관련)자격증소지자-실무경력2년이상,경기화성시,"Python,C++,AI(인공지능),백엔드/서버개발,웹개발외",(주)퍼스트씨앤디
51121035,[연구소]전자/정보통신관련연구개발경력직채용,대구동구,"Python,AI(인공지능),머신러닝,딥러닝,C언어외",(주)씨에스텍
51138944,"[부산본사]백엔드,프론트엔드개발자(경력)채용",부산해운대구,"Python,백엔드/서버개발,웹개발,Java,앱개발외",(주)제로웹
50718057,"VerificationEngineer&DigitalLogic개발자,기술영업/마케팅",경기성남시분당구,"Python,C++,AI(인공지능),백엔드/서버개발,C언어외",아이디어스투실리콘(주)
50915666,"[금융SI,SM]Java,JSP경력직웹개발자를모십니다.",경기하남시,"Python,백엔드/서버개발,웹개발,Java,앱개발외",(주)누리어시스템
50999011,2025년기업부설연구소웹개발자(프론트엔드/백엔드)채용,부산해운대구,"Python,백엔드/서버개발,웹개발,Java,클라우드외",(주)아이알컴퍼니
51142894,[경력]Java백엔드개발자정규직채용,서울성동구,"Python,백엔드/서버개발,웹개발,Java,프론트엔드외",(주)큐브엑스
50810909,[무료교육]AIAgent개발자(RPA개발자)훈련생모집,서울동대문구,"Python,C++,AI(인공지능),Java,C언어외",동대문여성인력개발센터
50932988,[스타랩스]Web개발경력자채용,서울강남구,"Python,백엔드/서버개발,웹개발,Java,앱개발외",주식회사스타랩스
51082209,경력사원채용(IT개발),서울서초구,"Python,Java,앱개발,SE(시스템엔지니어),DevOps외",삼성생명보험(주)
50965114,개발자[ERP·/APP/WEB]/대전근무,대전서구,"Python,AI(인공지능),백엔드/서버개발,웹개발,Java외",오아시스스토리(주)
51036925,[신입/경력]빅데이터/AI정보화컨설턴트,서울금천구,"Python,AI(인공지능),머신러닝,딥러닝,빅데이터외",(주)데이터트리
51113864,광고관리사내솔루션기획자,서울구로구,"데이터시각화,솔루션,연구원,브랜드관리,브랜드기획외",(주)이엠넷
50697376,[쿠팡]BusinessAnalysis(OperationalExcellence),서울송파구,"빅데이터,데이터분석가,통계/분석,경영기획,전자상거래외",쿠팡(주)
50734852,[쿠팡]ProductSecurityEngineering,서울송파구,"정보보안,전자상거래,쇼핑몰,오픈마켓",쿠팡(주)
50925667,[쿠팡]BusinessAnalyst(비즈니스데이터분석)경력자,서울송파구,"빅데이터,데이터분석가,통계/분석,경영기획,전자상거래외",쿠팡(주)
51000291,"[CoupangPay]Senior,SystemEngineer(계약직)",서울송파구,"SE(시스템엔지니어),전자상거래,쇼핑몰,오픈마켓",쿠팡(주)
50838624,[네오플]프로그래밍/기술지원직군모집(근무지:제주본사),제주제주시,"C++,백엔드/서버개발,C언어,게임개발,네트워크외",(주)네오플
51027487,서울대학교병원VItalLab데이터엔지니어연구원채용,서울종로구,"AI(인공지능),AI(인공지능),종합병원",서울대학교병원
51014687,[피앤피시큐어]연구개발부문(소프트웨어연구개발직군)채용,서울강서구,"C++,AI(인공지능),백엔드/서버개발,웹개발,Java외",㈜피앤피시큐어
50958177,PlatformDeveloper-ESG플랫폼서비스개발/운영,서울강남구,"웹개발,기술지원,유지보수,프론트엔드,SE(시스템엔지니어)외",현대오토에버(주)
50746013,"[주성엔지니어링㈜]정보기술(서버관리,정보보안)경력채용",경기용인시기흥구,"기술지원,유지보수,정보보안,인프라,정보통신외",주성엔지니어링(주)
50385502,2025년각부문모집,경기수원시영통구,"C++,C언어,데이터엔지니어,앱개발,SE(시스템엔지니어)외",(주)에이직랜드
51015823,(주)벨로크기업부설연구소2팀WEB개발자채용,서울금천구,"백엔드/서버개발,웹개발,Java,유지보수,QA/테스터외",주식회사벨로크
51066375,[D&AX혁신팀]DataScientist경력사원채용,서울전체,"빅데이터,데이터분석가,데이터엔지니어,DBA,검색엔진외",롯데이노베이트(주)
51085235,"그린광학관리직(보안관리팀)채용[충북오창,관리직]",충북청주시청원구,"정보보안,네트워크,정보통신,DLP,UTM외",(주)그린광학
51124943,[수원]SW테스트엔지니어(QA)신입및경력채용,경기수원시영통구,"QA/테스터,S/W,소프트웨어개발",(주)인피닉
51104891,[NHNCloud]실시간보안관제(교대근무),경남김해시,"보안관제,소프트웨어개발",엔에이치엔(주)
51116324,Tableau컨설턴트신입/경력채용-데이터분석및시각화,서울성동구,"데이터분석가,기술지원,데이터엔지니어,유지보수,IT컨설팅외",디포커스(주)
51128313,인공지능(AI)솔트룩스-ComputerVisionResearchEngineer,서울송파구,"AI(인공지능),영상처리,컴퓨터비전,이미지프로세싱,AI(인공지능)외",(주)솔트룩스
51134538,[CJ푸드빌]데이터전략·분석전문가모집(3년이상),서울중구,"데이터분석가,음식료,식품·푸드,제과제빵점",씨제이푸드빌(주)
51053077,에프앤가이드AI팀인턴(채용전환형)채용,서울강서구,"AI(인공지능),소프트웨어개발",(주)에프앤가이드
51099098,소프트웨어엔지니어(신입),서울강남구,"S/W,소프트웨어개발",(주)에이스웍스코리아
51124954,AssociateApplicationEngineer-CustomIC신입채용,경기성남시분당구,"기술지원,S/W,반도체,PCB,IC설계",한국지멘스일렉트로닉디자인오토메이션(유)
50953047,[정규직]AI개발자,서울영등포구,"AI(인공지능),Java,API,DBMS,AIX외",(주)퀸텟시스템즈
50979253,[다산네트웍스]전장연구소SW개발자분야별모집,경기성남시분당구,"S/W,통신",다산네트웍스
51010050,SW엔지니어채용,경기성남시분당구,"C++,C언어,데이터엔지니어,QA/테스터,네트워크외",(주)아이앤씨테크놀로지
51099758,IT/AI부문(전문연구요원포함)신입,서울종로구,"AI(인공지능),머신러닝,딥러닝,신경망,알고리즘외",(주)연합인포맥스
51124388,(주)디엔디이엔지니어인원모집,부산해운대구,"머신러닝,딥러닝,기술엔지니어,구조해석/설계,유동해석외",(주)디엔디이
51066998,AI영상처리개발자채용,서울전체,"AI(인공지능),백엔드/서버개발,웹개발,머신러닝,딥러닝외",이노뎁(주)
51053988,슈퍼커패시터모듈/팩SW엔지니어,전북전주시덕진구,"C++,Java,C언어,데이터엔지니어,유지보수외",비나텍(주)
50928618,[뷰티/화장품/mixsoon]Global사업본부DataAnalyst채용,서울강남구,"빅데이터,데이터분석가,데이터엔지니어,데이터마이닝,통계/분석외",(주)파켓
50985475,"[티맵모빌리티]개발자채용(CE,BE,SE,DE,DA,모델링,개발PM)",서울중구,"백엔드/서버개발,데이터분석가,데이터엔지니어,앱개발,프론트엔드외",티맵모빌리티(주)
50974088,클라우드SE신입및경력사원채용,서울구로구,"SE(시스템엔지니어),클라우드,시스템관리",디딤365(주)
50999901,[빅밸류]데이터직무채용(신입/전문연구요원),서울중구,"데이터분석가,데이터엔지니어,데이터사이언티스트,DataMining,시스템관리외",주식회사빅밸류
51081775,(기업부설연구소)웹&모바일솔루션개발자모집,부산해운대구,"백엔드/서버개발,웹개발,Java,앱개발,프론트엔드외",(주)아이오티플렉스
51100924,AI솔루션개발인턴모집합니다.,서울강남구,"데이터엔지니어,솔루션,데이터사이언티스트,SI·시스템통합,시스템관리외",(주)인포시즈
51103334,빅데이터개발자(전문연구요원가능),경기전체,"빅데이터,데이터분석가,데이터엔지니어,검색엔진,데이터라벨링외",(주)베스텔라랩
51114883,(주)한컴인스페이스미래전략실/MultiINT팀모집,대전유성구,"딥러닝,기술지원,데이터마이닝,모델링,영상처리외",(주)한컴인스페이스
51146332,DevOps엔지니어/정보보안운영관리엔지니어,서울서초구,"기술지원,정보보안,SE(시스템엔지니어),네트워크,인프라외",(주)이스트게임즈
51147744,(주)에이엔제이솔루션신입/경력개발자채용,서울송파구,"Java,S/W,Linux,MariaDB,MySQL외",(주)에이엔제이솔루션
50870820,데일리페이Back-End개발자채용,서울마포구,"백엔드/서버개발,솔루션업체,소프트웨어개발",(주)데일리페이
51050965,[클루커스]클라우드운영(신입)모집,서울강남구,"기술지원,네트워크,인프라,클라우드,아키텍쳐외",(주)클루커스
51122378,시스템개발자및SW개발인력채용,경기안양시동안구,"백엔드/서버개발,펌웨어,H/W,개발PM,통신",주식회사세오
51040650,[개발자채용]연애IT기업럽디(주)백앤드개발모집,서울관악구,"AI(인공지능),백엔드/서버개발,웹개발,MySQL,컨텐츠제공",럽디(주)
51110825,백엔드개발자채용,서울전체,"백엔드/서버개발,웹개발,SI개발,API,소프트웨어개발",서울거래(주)
50846529,API보안솔루션구축및기술지원엔지니어(SE),서울용산구,"백엔드/서버개발,기술지원,유지보수,정보보안,네트워크외",엔시큐어(주)
51094873,[데이터분석]데이터분석가채용공고,부산부산진구,"머신러닝,딥러닝,데이터분석가,데이터라벨링,데이터마이닝외",(주)싸인랩
51109563,(주)다비오백엔드개발자채용,서울마포구,"기술지원,유지보수,네트워크,방화벽,정보통신외",(주)다비오
51055999,개발팀Javascript(Typescript)풀스택개발테크리더,서울관악구,"백엔드/서버개발,웹개발,앱개발,유지보수,프론트엔드외",(주)대교
50880477,[인프라실]클라우드Managed서비스엔지니어영입,경기성남시분당구,"클라우드,소프트웨어개발",(주)카카오엔터프라이즈
50662877,2025년웹개발부문공고,서울구로구,"백엔드/서버개발,웹개발,Java,퍼블리셔,프론트엔드외",(주)티오이십일콤즈
50904408,[신입/경력]핀테크웹개발자모집,경기과천시,"백엔드/서버개발,웹개발,프론트엔드,API,Angular외",(주)웨인테크놀로지
50839295,[제주페이&돌하루팡]2025개발팀인재채용,제주제주시,"백엔드/서버개발,웹개발,앱개발,SI개발,가격비교",(주)제주페이
51103663,연구소플랫폼개발팀S/W부문신입/경력모집,부산사상구,"백엔드/서버개발,데이터엔지니어,프론트엔드,Node.js,WebGL외",(주)바질컴퍼니
51105040,[플라잎/분당]MachineLearningEngineer경력(전문연가능),경기성남시분당구,"AI(인공지능),머신러닝,딥러닝,데이터분석가,기술지원외",(주)플라잎
51134021,Payment개발담당자(JAVA기반),서울강남구,"백엔드/서버개발,웹개발,SI개발,API,소프트웨어개발",(주)디어유
51026429,[신입-인턴]BI솔루션개발-풀스택-세일링스톤인턴3기,서울강서구,"AI(인공지능),웹개발,빅데이터,반응형웹,스크립트외",세일링스톤(주)
51032217,[신입-인턴]생성형AI엔지니어-세일링스톤인턴3기,서울강서구,"AI(인공지능),빅데이터,데이터분석가,데이터시각화,ETL외",세일링스톤(주)
51076941,경력직연구원모집(데이터분석및정보시스템운영),서울강남구,"빅데이터,데이터분석가,데이터시각화,연구원,정책연구외",(재)건설산업정보원
51104642,[세이프텍리서치]웹개발자신입및경력직채용,대전유성구,"백엔드/서버개발,웹개발,프론트엔드,소프트웨어개발",(주)세이프텍리서치
50839249,웹개발자채용,서울금천구,"백엔드/서버개발,웹개발,Java,웹마스터,프론트엔드외",(주)아스트노바
50883070,AI백엔드엔지니어,서울강남구,"백엔드/서버개발,소프트웨어개발",(주)인텔리어스
50896586,[YGPLUS]IT개발팀:웹개발자(경력),서울영등포구,"백엔드/서버개발,웹개발,엔터테인먼트",(주)와이지플러스
50939485,산업IoT및스마트팩토리개발자채용#성수역-도보3분,서울성동구,"C++,백엔드/서버개발,웹개발,Java,C언어외",(주)와이씨코퍼레이션
50948873,[모핑아이]AIEngineer채용(경력/신입),서울영등포구,"AI(인공지능),백엔드/서버개발,웹개발,앱개발,SI개발외",(주)모핑아이
50980619,2025년하반기공개채용공고(연구개발),대구달성군,"프론트엔드,S/W,로봇엔지니어,연구원,R&D외",(주)소네트
51065735,2025년SW개발자(신입/경력)모집,세종특별자치시,"웹개발,Java,데이터엔지니어,알고리즘,S/W외",(주)위고이엔지
51087848,풀스택개발자,경기전체,"웹개발,SI개발,개발PM,SI·시스템통합",(주)데이터드리븐
51116826,"F&B로봇스타트업엔지니어모집(로봇엔지니어,설계,SW)",경남창원시,"백엔드/서버개발,앱개발,아두이노,임베디드리눅스,로봇엔지니어외",(주)로보터블
51143128,AI소프트웨어개발인력신입/경력모집,강원강릉시,"백엔드/서버개발,C언어,기술지원,앱개발,유지보수외",(주)클라비스에이아이
51081898,DataScientist-임상시험데이터분야,서울송파구,"빅데이터,데이터분석가,데이터마이닝,데이터시각화,생명과학외",(주)트라이얼인포매틱스
50931511,[EBIT]AITrainer(DataLabeler)-개발자모집,서울강남구,"백엔드/서버개발,웹개발,머신러닝,딥러닝,데이터분석가외",(주)이빗
50944682,개발팀사원모집공고,경기성남시분당구,"백엔드/서버개발,개발PM,정보보안",주식회사넥스팟솔루션
50997437,[신입]Devops개발엔지니어,경기성남시분당구,"백엔드/서버개발,정보보안,DevOps,S/W,아키텍쳐외",(주)보스반도체
51022799,플랫폼백엔드&클라이언트개발자,서울영등포구,"백엔드/서버개발,웹개발,게임개발,앱개발,컨텐츠제공외",(주)프로덕션고금
